目录ID,信息资源名称,目标表,数据库IP,对应处室,分类,需求依据,说明
1,一户一档农户补贴信息,O_HN065_SJSN_TBL_CMS_SUBSIDY_DAT,172.25.111.6,农村合作经济指导处,一期必采,命中需求域:一户一档/农户/补贴,与现有需求模块直接对应，纳入首批采集范围
2,海南省农产品滞销信息,O_HN065_SJSN_TBL_PLATFORM_FARM_PRODUCTS_DAT,172.25.111.6,市场与信息化处,一期必采,命中需求域:农产品/滞销,与现有需求模块直接对应，纳入首批采集范围
3,一户一档家庭成员信息,O_HN065_SJSN_TBL_CMS_FAMILY_MEMBER_DAT,172.25.111.6,农村合作经济指导处,一期必采,命中需求域:一户一档/家庭成员/成员,与现有需求模块直接对应，纳入首批采集范围
4,乡村治理三会一课信息,O_HN065_SJSN_TBL_RURALGOVERNANCE_PARTY_MEETING_MANAGE_DAT,172.25.111.6,农村合作经济指导处,一期必采,命中需求域:三会一课,与现有需求模块直接对应，纳入首批采集范围
10,一户一档农户档案信息,O_HN065_SJSN_TBL_CMS_USER_ARCHIVES_MANAGE_DAT,172.25.111.6,农村合作经济指导处,一期必采,命中需求域:一户一档/农户/档案,与现有需求模块直接对应，纳入首批采集范围
11,海南省农村三资科目余额信息,O_HN065_SJSN_SZ_KMYEB,172.25.111.6,农村合作经济指导处,一期必采,命中需求域:三资/科目/余额,与现有需求模块直接对应，纳入首批采集范围
20,一村一档农户档案信息,O_HN065_SJSN_TBL_VILLAGEFILE_SOCIAL_GUARANTEE_DAT,172.25.111.6,海南省现代农业检验检测预警防控中心,一期必采,命中需求域:农户/档案,与现有需求模块直接对应，纳入首批采集范围
26,海南省农村三资集体经济组织信息,SYS_JJZZ,172.25.111.6,,一期必采,命中需求域:三资,与现有需求模块直接对应，纳入首批采集范围
29,一户一档农户资产状况分布信息,O_HN065_SJSN_TBL_CMS_ASSETS_DAT,172.25.111.6,,一期必采,命中需求域:资产/一户一档/农户,与现有需求模块直接对应，纳入首批采集范围
34,一户一档乡村人员组织管理信息,O_HN065_SJSN_TBL_CMS_VILLAGE_PERSONNEL_DAT,172.25.111.6,,一期必采,命中需求域:一户一档,与现有需求模块直接对应，纳入首批采集范围
35,海南省农村三资合同资产信息,O_HN065_SJSN_SZ_ASSETS_CONTRACT,172.25.111.6,,一期必采,命中需求域:三资/合同/资产,与现有需求模块直接对应，纳入首批采集范围
36,海南省农村三资出纳信息,O_HN065_SJSN_SZ_CASHIER_ACCOUNT,172.25.111.6,,一期必采,命中需求域:三资,与现有需求模块直接对应，纳入首批采集范围
39,海南省农产品需求信息,O_HN065_SJSN_TBL_PLATFORM_PUBLISH_INFO,172.25.111.6,,一期必采,命中需求域:农产品,与现有需求模块直接对应，纳入首批采集范围
40,乡村治理党员管理信息,TBL_RURALGOVERNANCE_PARTY_MEMBER_DAT,172.25.111.6,,一期必采,命中需求域:党员,与现有需求模块直接对应，纳入首批采集范围
44,海南省农村三资资产资源信息,O_HN065_SJSN_SZ_ASSETS,172.25.111.6,,一期必采,命中需求域:三资/资产,与现有需求模块直接对应，纳入首批采集范围
46,乡村治理通知公告信息,O_HN065_SJSN_TBL_RURALGOVERNANCE_PARTY_NOTICE_DAT,172.25.111.6,,一期必采,命中需求域:通知公告,与现有需求模块直接对应，纳入首批采集范围
47,一户一档自然人信用信息,O_HN065_SJSN_TBL_CMS_CREDIT_DAT,172.25.111.6,,一期必采,命中需求域:一户一档,与现有需求模块直接对应，纳入首批采集范围
55,乡村治理党组织机构信息,O_HN065_SJSN_TBL_RURALGOVERNANCE_PARTY_ORGANIZATION_DAT,172.25.111.6,,一期必采,命中需求域:党组织,与现有需求模块直接对应，纳入首批采集范围
56,一村一档乡村档案信息,O_HN065_SJSN_TBL_VILLAGEFILE_RECORD_DAT,172.25.111.6,,一期必采,命中需求域:档案,与现有需求模块直接对应，纳入首批采集范围
60,海南省生猪价格(出栏价）信息,O_HN065_SJSN_AGRO_PLAN_PIGPRICE_R,172.25.111.6,,一期必采,命中需求域:价格,与现有需求模块直接对应，纳入首批采集范围
73,海南省农产品企业主体信息,O_HN065_SJSN_T_MARA_ENTERPRISE,172.25.111.6,,一期必采,命中需求域:主体/农产品,与现有需求模块直接对应，纳入首批采集范围
77,数字三农信贷产品信息,O_HN065_SJSN_TBL_CONSOLE_CREDIT,172.25.111.6,,一期必采,命中需求域:信贷,与现有需求模块直接对应，纳入首批采集范围
80,海南省畜产品及饲价格信息,O_HN065_SJSN_AGRO_PROD_FEED_PROVINCE,172.21.128.23,,一期必采,命中需求域:价格,与现有需求模块直接对应，纳入首批采集范围
83,海南省农产品企业主体扩展信息,O_HN065_SJSN_T_MARA_ENTERPRISE_EXTEND,172.25.111.6,,一期必采,命中需求域:主体/农产品,与现有需求模块直接对应，纳入首批采集范围
87,海南省资产负载汇总信息,O_HN065_SJSN_TB_ASSET_LIABILITY,172.25.111.6,,一期必采,命中需求域:资产,与现有需求模块直接对应，纳入首批采集范围
89,海南省农产品农村合作社信息,O_HN065_SJSN_MP_RURAL_COOPERATE,172.25.111.6,,一期必采,命中需求域:农产品,与现有需求模块直接对应，纳入首批采集范围
91,主体立信记录信息,O_HN065_SJSN_T_MARA_CREDIT_RECORD,172.25.111.6,,一期必采,命中需求域:主体,与现有需求模块直接对应，纳入首批采集范围
95,数字三农有机农产品认证信息,O_HN065_SJSN_TBL_PLATFORM_ORGANICFOOD_DAT,172.25.111.6,,一期必采,命中需求域:农产品,与现有需求模块直接对应，纳入首批采集范围
114,主体变码记录信息,O_HN065_SJSN_T_MARA_CODE_RECORD,172.25.111.6,,一期必采,命中需求域:主体,与现有需求模块直接对应，纳入首批采集范围
128,农产品品牌信息,O_HN065_SJSN_T_FARM_BRAND,172.25.111.6,,一期必采,命中需求域:农产品,与现有需求模块直接对应，纳入首批采集范围
129,农户档案管理详情表信息,TBL_CMS_USER_ARCHIVES_MANAGE_DAT,172.21.128.23,,一期必采,命中需求域:农户/档案,与现有需求模块直接对应，纳入首批采集范围
132,领导视窗_两品一标（农产品认证）信息,MP_ORGANIC_PRODUCT,172.21.199.156,,一期必采,命中需求域:农产品,与现有需求模块直接对应，纳入首批采集范围
140,领导视窗_资产情况（地图）信息,TB_ASSET_LIABILITY,172.21.199.156,,一期必采,命中需求域:资产,与现有需求模块直接对应，纳入首批采集范围
172,领导视窗_农民收入信息,TB_BIG_PEASANT,10.111.162.138,,一期必采,命中需求域:收入,与现有需求模块直接对应，纳入首批采集范围
174,领导视窗_农民收入（地图）信息,TB_BIG_INCOME,10.111.162.138,,一期必采,命中需求域:收入,与现有需求模块直接对应，纳入首批采集范围
6,一村一档文体设施信息,O_HN065_SJSN_TBL_VILLAGEFILE_SPORTS_FACILITY_DAT,172.25.111.6,农村合作经济指导处,二期预留,弱关联域:一村一档/文体设施,与需求存在外围关联，但当前页面和流程消费证据不足，先预留
14,乡村治理阳光村务管理信息,O_HN065_SJSN_TBL_RURALGOVERNANCE_VILLAGE_MANAGE_DAT,172.25.111.6,海南省现代农业检验检测预警防控中心,二期预留,弱关联域:乡村治理/村务/阳光村务,与需求存在外围关联，但当前页面和流程消费证据不足，先预留
19,一村一档教育设施信息,O_HN065_SJSN_TBL_VILLAGEFILE_EDUCATION_FACILITY_DAT,172.25.111.6,海南省现代农业检验检测预警防控中心,二期预留,弱关联域:一村一档/教育设施,与需求存在外围关联，但当前页面和流程消费证据不足，先预留
22,乡村治理发起项目明细信息,O_HN065_SJSN_TBL_FLOW_DETAIL,172.25.111.6,,二期预留,弱关联域:项目/乡村治理,与需求存在外围关联，但当前页面和流程消费证据不足，先预留
24,乡村治理创先争优信息,O_HN065_SJSN_TBL_RURALGOVERNANCE_PARTY_HONOR_DAT,172.25.111.6,,二期预留,弱关联域:乡村治理/创先争优,与需求存在外围关联，但当前页面和流程消费证据不足，先预留
25,乡村治理人口流动性登记信息,O_HN065_SJSN_TBL_RURALGOVERNANCE_VILLAGE_POPULATION_SHIFT_DAT,172.25.111.6,,二期预留,弱关联域:乡村治理/人口流动,与需求存在外围关联，但当前页面和流程消费证据不足，先预留
27,一村一档种植作物信息,O_HN065_SJSN_TBL_VILLAGEFILE_PLANT_CROP_DAT,172.25.111.6,,二期预留,弱关联域:一村一档,与需求存在外围关联，但当前页面和流程消费证据不足，先预留
32,一村一档乡村企业信息,O_HN065_SJSN_TBL_VILLAGEFILE_ENTERPRISE_DAT,172.25.111.6,,二期预留,弱关联域:一村一档,与需求存在外围关联，但当前页面和流程消费证据不足，先预留
37,保存基地信息,O_HN065_SJSN_T_FARM_BASE,172.25.111.6,,二期预留,弱关联域:基地,与需求存在外围关联，但当前页面和流程消费证据不足，先预留
38,新型技术推广信息,AGRO_FERTILIZER_TECH,172.21.128.23,,二期预留,弱关联域:新型技术推广,与需求存在外围关联，但当前页面和流程消费证据不足，先预留
43,一村一档卫生设施信息,O_HN065_SJSN_TBL_VILLAGEFILE_HEALTH_FACILITY_DAT,172.25.111.6,,二期预留,弱关联域:一村一档,与需求存在外围关联，但当前页面和流程消费证据不足，先预留
48,海南省农作物种质资源库信息,TBL_SEED_CROP_VARIETY_RESOURCES_INFO,172.25.111.6,,二期预留,弱关联域:资源,与需求存在外围关联，但当前页面和流程消费证据不足，先预留
51,一村一档特色产业信息,O_HN065_SJSN_TBL_VILLAGEFILE_FEATURE_INDUSTRY_DAT,172.25.111.6,,二期预留,弱关联域:一村一档,与需求存在外围关联，但当前页面和流程消费证据不足，先预留
53,一村一档矿产资源信息,O_HN065_SJSN_TBL_VILLAGEFILE_ORE_RESOURCES_DAT,172.25.111.6,,二期预留,弱关联域:资源/一村一档,与需求存在外围关联，但当前页面和流程消费证据不足，先预留
57,乡村治理积分排名信息,O_HN065_SJSN_TBL_RURALGOVERNANCE_PARTY_INTEGRAL_DAT,172.21.128.23,,二期预留,弱关联域:乡村治理/积分排名,与需求存在外围关联，但当前页面和流程消费证据不足，先预留
58,一村一档经济林果信息,O_HN065_SJSN_TBL_VILLAGEFILE_ECONOMIC_FRUIT_DAT,172.25.111.6,,二期预留,弱关联域:一村一档,与需求存在外围关联，但当前页面和流程消费证据不足，先预留
59,一村一档产业信息,O_HN065_SJSN_TBL_VILLAGEFILE_DEVELOP_INDUSTRY_DAT,172.25.111.6,,二期预留,弱关联域:一村一档,与需求存在外围关联，但当前页面和流程消费证据不足，先预留
63,畜牧农事信息,O_HN065_SJSN_T_FARM_BREED_RECORD,172.25.111.6,,二期预留,未命中强需求域,共享目录存在，但当前需求JSON未给出足够直接的消费依据，先归预留
64,数字三农保险产品信息,O_HN065_SJSN_TBL_CONSOLE_INSURE,172.25.111.6,,二期预留,弱关联域:保险,与需求存在外围关联，但当前页面和流程消费证据不足，先预留
65,海南畜牧业产量（出栏量）信息,AGRO_PROD_INDUSTRY_ANIMAL,172.25.111.6,,二期预留,未命中强需求域,共享目录存在，但当前需求JSON未给出足够直接的消费依据，先归预留
66,数字三农地标信息,O_HN065_SJSN_TBL_PLATFORM_GEOINDICATION_DAT,172.25.111.6,,二期预留,弱关联域:地标,与需求存在外围关联，但当前页面和流程消费证据不足，先预留
67,数字三农服务售卖点信息,O_HN065_SJSN_TBL_PLATFORM_SERVICE_POINT_INFO,172.25.111.6,,二期预留,弱关联域:服务售卖点,与需求存在外围关联，但当前页面和流程消费证据不足，先预留
68,数字三农资讯信息,O_HN065_SJSN_TBL_CMS_ARTICLE_DAT,172.25.111.6,,二期预留,弱关联域:资讯,与需求存在外围关联，但当前页面和流程消费证据不足，先预留
70,海南省土地承包情况统计信息,O_HN065_SJSN_AGRO_ECO_CONTRACT_C,172.25.111.6,,二期预留,未命中强需求域,共享目录存在，但当前需求JSON未给出足够直接的消费依据，先归预留
72,数字三农专家信息,O_HN065_SJSN_TBL_PLATFORM_PROFICIENT_INFO,172.25.111.6,,二期预留,弱关联域:专家,与需求存在外围关联，但当前页面和流程消费证据不足，先预留
78,畜牧业畜产品养殖规模信息,O_HN065_SJSN_TBL_DATAANALYSEP_ANIMAL_PRODUCTS_DAT,172.21.128.23,,二期预留,未命中强需求域,共享目录存在，但当前需求JSON未给出足够直接的消费依据，先归预留
79,畜牧业生猪市场供需信息,O_HN065_SJSN_TBL_DATAANALYSEP_PIG_SUPPLY_DAT,172.21.128.23,,二期预留,未命中强需求域,共享目录存在，但当前需求JSON未给出足够直接的消费依据，先归预留
81,种植结构信息,O_HN065_SJSN_TBL_PLANTANALYSIS_DAT,172.25.111.6,,二期预留,未命中强需求域,共享目录存在，但当前需求JSON未给出足够直接的消费依据，先归预留
82,海南省中晚稻生产统计信息,O_HN065_SJSN_RICE_LATE,172.25.111.6,,二期预留,未命中强需求域,共享目录存在，但当前需求JSON未给出足够直接的消费依据，先归预留
84,海南省热带水果生产统计信息,O_HN065_SJSN_1C93DA0F_112D_3D9A_816C_B5C1131AF6E0,172.25.111.6,,二期预留,未命中强需求域,共享目录存在，但当前需求JSON未给出足够直接的消费依据，先归预留
85,数字三农灾情上报信息,O_HN065_SJSN_TBL_PLATFORM_DISASTER_REPORT_INFO,172.25.111.6,,二期预留,未命中强需求域,共享目录存在，但当前需求JSON未给出足够直接的消费依据，先归预留
86,海南省肉鸡生产统计信息,O_HN065_SJSN_TB_MEAT_CHICKEN,172.25.111.6,,二期预留,未命中强需求域,共享目录存在，但当前需求JSON未给出足够直接的消费依据，先归预留
88,数字三农投诉建议信息,O_HN065_SJSN_TBL_PLATFORM_COMPLAINT_SUGGESTIONS_DAT,172.25.111.6,,二期预留,未命中强需求域,共享目录存在，但当前需求JSON未给出足够直接的消费依据，先归预留
90,数字三农医院信息,O_HN065_SJSN_TBL_PLATFORM_HOSPITAL_INFO,172.25.111.6,,二期预留,未命中强需求域,共享目录存在，但当前需求JSON未给出足够直接的消费依据，先归预留
93,海南省龙头企业信息,MP_LEAD_COMPANY,172.21.128.23,,二期预留,未命中强需求域,共享目录存在，但当前需求JSON未给出足够直接的消费依据，先归预留
94,畜牧业生猪养殖成本信息,O_HN065_SJSN_TBL_DATAANALYSEP_PIG_PRODUCTIONCOST_DAT,172.25.111.6,,二期预留,未命中强需求域,共享目录存在，但当前需求JSON未给出足够直接的消费依据，先归预留
96,数字三农急救医疗知识库信息,O_HN065_SJSN_TBL_PLATFORM_MEDICAL_DAT,172.25.111.6,,二期预留,未命中强需求域,共享目录存在，但当前需求JSON未给出足够直接的消费依据，先归预留
97,数字三农咨询答复信息,O_HN065_SJSN_TBL_PLATFORM_PROFICIENT_CONSULTATION_INFO,172.25.111.6,,二期预留,未命中强需求域,共享目录存在，但当前需求JSON未给出足够直接的消费依据，先归预留
98,数字三农绿色食品公示信息,O_HN065_SJSN_TBL_PLATFORM_GREENFOOD_DAT,172.25.111.6,,二期预留,未命中强需求域,共享目录存在，但当前需求JSON未给出足够直接的消费依据，先归预留
99,数字三农绿色食品信息,O_HN065_SJSN_MP_GREEN_FOOD,172.25.111.6,,二期预留,未命中强需求域,共享目录存在，但当前需求JSON未给出足够直接的消费依据，先归预留
100,种植检测报告样品数据信息,O_HN065_SJSN_T_MARA_CHECK_REPORT_SAMPLE,172.25.111.6,,二期预留,未命中强需求域,共享目录存在，但当前需求JSON未给出足够直接的消费依据，先归预留
102,农贸市场字典信息,O_HN065_SJSN_T_MARA_FARMER_MARKET,172.25.111.6,,二期预留,未命中强需求域,共享目录存在，但当前需求JSON未给出足够直接的消费依据，先归预留
104,海南省豆类产统计信息,O_HN065_SJSN_BEANS,172.25.111.6,,二期预留,未命中强需求域,共享目录存在，但当前需求JSON未给出足够直接的消费依据，先归预留
105,三农一张图地标信息,MP_GEO_MARK,10.111.162.138,,二期预留,弱关联域:地标,与需求存在外围关联，但当前页面和流程消费证据不足，先预留
106,记录种植农事信息,O_HN065_SJSN_T_FARM_PLANT_RECORD,172.25.111.6,,二期预留,未命中强需求域,共享目录存在，但当前需求JSON未给出足够直接的消费依据，先归预留
107,数字三农办事指南信息,TBL_PLATFORM_SERVICE_GUIDE_DAT,172.25.111.6,,二期预留,未命中强需求域,共享目录存在，但当前需求JSON未给出足够直接的消费依据，先归预留
109,农业防灾减灾防疫工作量信息,O_HN065_SJSN_TBL_DISASTER_WORK_ANALYSIS_DAT,172.25.111.6,,二期预留,未命中强需求域,共享目录存在，但当前需求JSON未给出足够直接的消费依据，先归预留
110,海南省家庭农场统计信息,AGRO_PLAN_FAMILY_FARM_B,172.21.128.23,,二期预留,未命中强需求域,共享目录存在，但当前需求JSON未给出足够直接的消费依据，先归预留
111,海南省糖料生产统计信息,O_HN065_SJSN_SUGAR,172.25.111.6,,二期预留,未命中强需求域,共享目录存在，但当前需求JSON未给出足够直接的消费依据，先归预留
112,海南省粮食生产统计信息,O_HN065_SJSN_FOOD,172.25.111.6,,二期预留,未命中强需求域,共享目录存在，但当前需求JSON未给出足够直接的消费依据，先归预留
113,数字三农知识库信息,O_HN065_SJSN_TBL_PLATFORM_KNOWLEDGE_LIBRARY_INFO,172.25.111.6,,二期预留,未命中强需求域,共享目录存在，但当前需求JSON未给出足够直接的消费依据，先归预留
115,海南省番薯生产统计信息,SWEET_POTATOES,172.25.111.6,,二期预留,未命中强需求域,共享目录存在，但当前需求JSON未给出足够直接的消费依据，先归预留
117,海南省油料生产统计信息,O_HN065_SJSN_OLI,172.25.111.6,,二期预留,未命中强需求域,共享目录存在，但当前需求JSON未给出足够直接的消费依据，先归预留
119,海南省产权改革统计信息,O_HN065_SJSN_AGRO_ECO_RIGHT,172.25.111.6,,二期预留,未命中强需求域,共享目录存在，但当前需求JSON未给出足够直接的消费依据，先归预留
121,海南农民专业合作社信息,SS_SYS_DICT,172.25.111.6,,二期预留,未命中强需求域,共享目录存在，但当前需求JSON未给出足够直接的消费依据，先归预留
122,种植检测报告数据信息,O_HN065_SJSN_T_MARA_CHECK_REPORT,172.25.111.6,,二期预留,未命中强需求域,共享目录存在，但当前需求JSON未给出足够直接的消费依据，先归预留
123,农业防灾减灾防疫奖励信息,O_HN065_SJSN_TBL_DISASTER_REWARD_ANALYSIS_DAT,172.25.111.6,,二期预留,未命中强需求域,共享目录存在，但当前需求JSON未给出足够直接的消费依据，先归预留
124,农业防灾减灾病虫害数据信息,O_HN065_SJSN_TBL_DISASTER_PREVENTION_ANALYSIS_DAT,172.25.111.6,,二期预留,未命中强需求域,共享目录存在，但当前需求JSON未给出足够直接的消费依据，先归预留
126,海南省生猪规模养殖场信息,AGRO_PLAN_PIGFORM_B,172.21.128.23,,二期预留,未命中强需求域,共享目录存在，但当前需求JSON未给出足够直接的消费依据，先归预留
127,海南省撂荒地恢复生产情况统计信息,O_HN065_SJSN_LAND_RESTORE,172.25.111.6,,二期预留,未命中强需求域,共享目录存在，但当前需求JSON未给出足够直接的消费依据，先归预留
131,领导视窗_农村产权交易信息,TB_EQUITY_TRANS,172.21.199.156,,二期预留,未命中强需求域,共享目录存在，但当前需求JSON未给出足够直接的消费依据，先归预留
135,领导视窗_产权改革信息,AGRO_ECO_RIGHT,172.21.199.156,,二期预留,未命中强需求域,共享目录存在，但当前需求JSON未给出足够直接的消费依据，先归预留
137,领导视窗_油料生产信息,OLI,172.21.199.156,,二期预留,未命中强需求域,共享目录存在，但当前需求JSON未给出足够直接的消费依据，先归预留
138,领导视窗_家庭农场统计信息,AGRO_PLAN_FAMILY_FARM_B,172.21.199.156,,二期预留,未命中强需求域,共享目录存在，但当前需求JSON未给出足够直接的消费依据，先归预留
139,领导视窗_乡镇政府数信息,TB_BIG_TOWN,10.111.162.138,,二期预留,未命中强需求域,共享目录存在，但当前需求JSON未给出足够直接的消费依据，先归预留
142,领导视窗_豆类生产信息,BEANS,172.21.199.156,,二期预留,未命中强需求域,共享目录存在，但当前需求JSON未给出足够直接的消费依据，先归预留
143,领导视窗_乡村总户数信息,AGRO_ECO_RURAL_P,172.21.199.156,,二期预留,未命中强需求域,共享目录存在，但当前需求JSON未给出足够直接的消费依据，先归预留
144,领导视窗_市县发包承包数信息,TB_RURAL_MANAGE,172.21.199.156,,二期预留,未命中强需求域,共享目录存在，但当前需求JSON未给出足够直接的消费依据，先归预留
145,领导视窗_农民专业合作社信息,SS_SYS_DICT,172.21.199.156,,二期预留,未命中强需求域,共享目录存在，但当前需求JSON未给出足够直接的消费依据，先归预留
146,领导视窗_检疫出证实时情况（产品B）信息,V_CP_CHUZHENG_B,172.21.199.156,,二期预留,未命中强需求域,共享目录存在，但当前需求JSON未给出足够直接的消费依据，先归预留
148,领导视窗_养殖面积信息,FISHERY_RES_FARMING_AREA,172.21.199.156,,二期预留,未命中强需求域,共享目录存在，但当前需求JSON未给出足够直接的消费依据，先归预留
149,领导视窗_村民委员会信息,AGRO_ECO_RURAL_B,10.111.162.133,,二期预留,未命中强需求域,共享目录存在，但当前需求JSON未给出足够直接的消费依据，先归预留
150,领导视窗_两品一标（地理标志）信息,MP_GEO_MARK,172.21.199.156,,二期预留,未命中强需求域,共享目录存在，但当前需求JSON未给出足够直接的消费依据，先归预留
152,领导视窗_出岛情况（地图）信息,PLR_DETECT_REPORT_INFO,172.21.199.156,,二期预留,未命中强需求域,共享目录存在，但当前需求JSON未给出足够直接的消费依据，先归预留
153,领导视窗_出岛情况（地图2）信息,PLR_DETECT_PRODUCT_INFO2,172.21.199.156,,二期预留,未命中强需求域,共享目录存在，但当前需求JSON未给出足够直接的消费依据，先归预留
154,领导视窗_检疫出证实时情况（动物B）信息,V_CD_CHUZHENG_B,172.21.199.156,,二期预留,未命中强需求域,共享目录存在，但当前需求JSON未给出足够直接的消费依据，先归预留
156,领导视窗_中晚稻生产信息,RICE_LATE,172.21.199.156,,二期预留,未命中强需求域,共享目录存在，但当前需求JSON未给出足够直接的消费依据，先归预留
157,领导视窗_撂荒地复耕信息,LAND_RESTORE,172.21.199.156,,二期预留,未命中强需求域,共享目录存在，但当前需求JSON未给出足够直接的消费依据，先归预留
158,领导视窗_两品一标（绿色食品）信息,MP_GREEN_FOOD,172.21.199.156,,二期预留,未命中强需求域,共享目录存在，但当前需求JSON未给出足够直接的消费依据，先归预留
159,领导视窗_番薯生产信息,SWEET_POTATOES,172.21.199.156,,二期预留,未命中强需求域,共享目录存在，但当前需求JSON未给出足够直接的消费依据，先归预留
160,领导视窗_农业品牌信息,TB_BIG_BRAND,172.21.199.156,,二期预留,未命中强需求域,共享目录存在，但当前需求JSON未给出足够直接的消费依据，先归预留
161,领导视窗_粮食生产信息,FOOD,172.21.199.156,,二期预留,未命中强需求域,共享目录存在，但当前需求JSON未给出足够直接的消费依据，先归预留
162,领导视窗_热带水果生产信息,FRUIT,172.21.199.156,,二期预留,未命中强需求域,共享目录存在，但当前需求JSON未给出足够直接的消费依据，先归预留
164,领导视窗_检疫出证实时情况（产品A）信息,V_CP_CHUZHENG_A,172.21.199.156,,二期预留,未命中强需求域,共享目录存在，但当前需求JSON未给出足够直接的消费依据，先归预留
167,领导视窗_检疫出证实时情况（动物A）信息,V_CD_CHUZHENG_A,172.21.199.156,,二期预留,未命中强需求域,共享目录存在，但当前需求JSON未给出足够直接的消费依据，先归预留
169,领导视窗_港口出岛车辆分布信息,LS_RES_VEHICLE,172.21.199.156,,二期预留,未命中强需求域,共享目录存在，但当前需求JSON未给出足够直接的消费依据，先归预留
171,领导视窗_种植业种类产量信息,TB_BIG_PLANT,172.21.199.156,,二期预留,未命中强需求域,共享目录存在，但当前需求JSON未给出足够直接的消费依据，先归预留
173,领导视窗_经营权证承包地面积信息,AGRO_ECO_CONTRACT_C,172.21.199.156,,二期预留,未命中强需求域,共享目录存在，但当前需求JSON未给出足够直接的消费依据，先归预留
5,海南省农业种业引种备案信息,O_HN065_SJSN_TBL_SEED_CROP_VARIETY_INTRODUCTION_INFO,172.25.111.6,种业管理处,不采,排除域:种业,需求JSON未体现该行业专题的直接消费场景，当前一期不纳入采集
7,海南省种子生产经营企业信息,TBL_SEED_CROP_ENTERPRISE_INFO,10.111.162.133,种业管理处,不采,排除域:种子,需求JSON未体现该行业专题的直接消费场景，当前一期不纳入采集
8,海南省农业种业畜禽遗传资源库信息,O_HN065_SJSN_TBL_SEED_LIVESTOCK_RESOURCES_INFO,172.25.111.6,省畜牧技术推广总站,不采,排除域:畜禽/种业,需求JSON未体现该行业专题的直接消费场景，当前一期不纳入采集
9,水产种子资源信息,YY_WATER_PRODUCT_SEED_SOURCE,172.25.111.6,水产养殖处,不采,排除域:种子/水产,需求JSON未体现该行业专题的直接消费场景，当前一期不纳入采集
12,水产农事信息,O_HN065_SJSN_T_FARM_AQUATIC_RECORD,172.25.111.6,农产品质量安全监管处,不采,排除域:水产,需求JSON未体现该行业专题的直接消费场景，当前一期不纳入采集
13,海南省农业种业境外引进种质资源信息,TBL_SEED_LIVESTOCK_INTRODUCTION_INFO,172.25.111.6,省畜牧技术推广总站,不采,排除域:种业,需求JSON未体现该行业专题的直接消费场景，当前一期不纳入采集
15,海南省驯养繁殖许可证信息,O_HN065_SJSN_YY_DOMESTIC_BREEDING_LICENSE,172.25.111.6,渔业基础建设处,不采,排除域:驯养繁殖,需求JSON未体现该行业专题的直接消费场景，当前一期不纳入采集
16,海南省农作物品种行业信息,O_HN065_SJSN_TBL_SEED_CROP_VARIETY_INDUSTRY_INFO,172.25.111.6,种业管理处,不采,排除域:品种,需求JSON未体现该行业专题的直接消费场景，当前一期不纳入采集
17,海南省农业种业人员信息,O_HN065_SJSN_TBL_SEED_CROP_ORG_USER_INFO,172.25.111.6,种业管理处,不采,排除域:种业,需求JSON未体现该行业专题的直接消费场景，当前一期不纳入采集
18,海南省农业种业品种审定信息,TBL_SEED_CROP_VARIETY_EXAMINED_INFO,172.25.111.6,种业管理处,不采,排除域:种业/品种,需求JSON未体现该行业专题的直接消费场景，当前一期不纳入采集
21,肥料使用情况信息,AGRO_FERTILIZER_USE,172.21.128.23,种植业管理处,不采,排除域:肥料,需求JSON未体现该行业专题的直接消费场景，当前一期不纳入采集
23,海南省野生动物经营利用许可证信息,O_HN065_SJSN_YY_BUSINESS_LICENSE,172.25.111.6,,不采,排除域:野生动物,需求JSON未体现该行业专题的直接消费场景，当前一期不纳入采集
28,海南省种畜禽生产经营企业信息,O_HN065_SJSN_TBL_SEED_LIVESTOCK_ENTERPRISE_INFO,172.25.111.6,,不采,排除域:种畜禽/畜禽,需求JSON未体现该行业专题的直接消费场景，当前一期不纳入采集
30,基层种子管理机构信息,O_HN065_SJSN_TBL_SEED_CROP_ORG_INFO,172.25.111.6,,不采,排除域:种子,需求JSON未体现该行业专题的直接消费场景，当前一期不纳入采集
31,肥料销售情况信息,AGRO_FERTILIZER_SALE,172.21.128.23,,不采,排除域:肥料,需求JSON未体现该行业专题的直接消费场景，当前一期不纳入采集
33,海南省农产品种植主体信息,AGRO_PLANT_MAIN,172.21.128.23,,不采,排除域:品种,需求JSON未体现该行业专题的直接消费场景，当前一期不纳入采集
41,海南省畜禽遗传资源基因库信息,O_HN065_SJSN_TBL_SEED_LIVESTOCK_GENE_INFO,172.25.111.6,,不采,排除域:畜禽,需求JSON未体现该行业专题的直接消费场景，当前一期不纳入采集
42,海南省渔港信息,O_HN065_SJSN_YY_FISHING_PORT,172.25.111.6,,不采,排除域:渔港,需求JSON未体现该行业专题的直接消费场景，当前一期不纳入采集
45,休渔制度信息,O_HN065_SJSN_YY_FISHING_RULES,172.25.111.6,,不采,排除域:休渔,需求JSON未体现该行业专题的直接消费场景，当前一期不纳入采集
49,海南省农业种业品种认定信息,O_HN065_SJSN_TBL_SEED_CROP_VARIETY_IDENTIFY_INFO,172.25.111.6,,不采,排除域:种业/品种,需求JSON未体现该行业专题的直接消费场景，当前一期不纳入采集
50,海南省种子质量检测机构信息,O_HN065_SJSN_TBL_SEED_CROP_QUALITY_INSPECTION_INFO,172.25.111.6,,不采,排除域:种子,需求JSON未体现该行业专题的直接消费场景，当前一期不纳入采集
52,海南省农业种业测序数据库信息,O_HN065_SJSN_TBL_SEED_LIVESTOCK_SEQUENCE_INFO,172.25.111.6,,不采,排除域:种业,需求JSON未体现该行业专题的直接消费场景，当前一期不纳入采集
54,海南省农业种业品种登记信息,O_HN065_SJSN_TBL_SEED_CROP_VARIETY_REGISTER_INFO,172.25.111.6,,不采,排除域:种业/品种,需求JSON未体现该行业专题的直接消费场景，当前一期不纳入采集
61,农药数据信息,O_HN065_SJSN_T_MINI_PESTICIDE1,172.25.111.6,,不采,排除域:农药,需求JSON未体现该行业专题的直接消费场景，当前一期不纳入采集
62,农业防灾减灾疫苗接种信息,O_HN065_SJSN_TBL_DISASTER_VACCINES_ANALYSIS_DAT,172.25.111.6,,不采,排除域:疫苗,需求JSON未体现该行业专题的直接消费场景，当前一期不纳入采集
69,合格证查验记录数据信息,O_HN065_SJSN_T_MARA_QUALIFIEDCERT_INSPECT,172.25.111.6,,不采,排除域:合格证,需求JSON未体现该行业专题的直接消费场景，当前一期不纳入采集
71,海南省早稻生产统计信息,RICE_EARLY,10.111.162.138,,不采,排除域:早稻,需求JSON未体现该行业专题的直接消费场景，当前一期不纳入采集
74,海南省瓜菜生产统计信息,O_HN065_SJSN_MELON,172.25.111.6,,不采,排除域:瓜菜,需求JSON未体现该行业专题的直接消费场景，当前一期不纳入采集
75,合格证产品销售数据信息,O_HN065_SJSN_T_MARA_SALE,172.25.111.6,,不采,排除域:合格证,需求JSON未体现该行业专题的直接消费场景，当前一期不纳入采集
76,海南省热带经济作物生产统计信息,O_HN065_SJSN_419250AD_2790_6247_8D37_0A5B31A9B063,172.25.111.6,,不采,排除域:热带经济作物,需求JSON未体现该行业专题的直接消费场景，当前一期不纳入采集
92,海南省农产品质量安全合格证开具数量信息,O_HN065_SJSN_QS_RES_CERTIFICATE,172.25.111.6,,不采,排除域:合格证,需求JSON未体现该行业专题的直接消费场景，当前一期不纳入采集
101,海南省农产品合格证数据信息,O_HN065_SJSN_T_MARA_QUALIFIEDCERT,172.25.111.6,,不采,排除域:合格证,需求JSON未体现该行业专题的直接消费场景，当前一期不纳入采集
103,海南省农产品质量安全合格证主体信息,O_HN065_SJSN_QS_RES_CERTIFICATE_DETAIL,172.25.111.6,,不采,排除域:合格证,需求JSON未体现该行业专题的直接消费场景，当前一期不纳入采集
108,海南省农产品合格证编号表信息,O_HN065_SJSN_T_MARA_QUALIFIEDCERT_EXTEND,172.25.111.6,,不采,排除域:合格证,需求JSON未体现该行业专题的直接消费场景，当前一期不纳入采集
116,海南省农产品质量安全合格证打印信息,O_HN065_SJSN_QS_RES_CERTIFICATE_PRINT,172.25.111.6,,不采,排除域:合格证,需求JSON未体现该行业专题的直接消费场景，当前一期不纳入采集
118,水产检测报告数据信息,O_HN065_SJSN_T_MARA_CHECK_REPORT_AQUATIC,172.25.111.6,,不采,排除域:水产,需求JSON未体现该行业专题的直接消费场景，当前一期不纳入采集
120,水产检测报告明细数据信息,O_HN065_SJSN_T_MARA_CHECK_REPORT_AQUATIC_ITEM,172.25.111.6,,不采,排除域:水产,需求JSON未体现该行业专题的直接消费场景，当前一期不纳入采集
125,海南省农产品合格证产品信息,O_HN065_SJSN_T_MARA_QUALIFIEDCERT_PRO,172.25.111.6,,不采,排除域:合格证,需求JSON未体现该行业专题的直接消费场景，当前一期不纳入采集
130,领导视窗_种业信息,TB_BIG_SEED,172.21.199.156,,不采,排除域:种业,需求JSON未体现该行业专题的直接消费场景，当前一期不纳入采集
133,领导视窗_主要水产苗种信息,FISHERY_RES_AQUATIC_FRY,172.21.199.156,,不采,排除域:水产,需求JSON未体现该行业专题的直接消费场景，当前一期不纳入采集
134,领导视窗_早稻生产信息,RICE_EARLY,172.21.199.156,,不采,排除域:早稻,需求JSON未体现该行业专题的直接消费场景，当前一期不纳入采集
136,领导视窗_渔业船舶统计、休闲渔业信息,FISHERY_RES_COMMON,172.21.199.156/10.111.162.133,,不采,排除域:渔业,需求JSON未体现该行业专题的直接消费场景，当前一期不纳入采集
141,领导视窗_冬春瓜菜生产信息,MELON,172.21.199.156,,不采,排除域:瓜菜,需求JSON未体现该行业专题的直接消费场景，当前一期不纳入采集
147,领导视窗_合格证主体信息,QS_RES_CERTIFICATE_DETAIL,172.21.199.156,,不采,排除域:合格证,需求JSON未体现该行业专题的直接消费场景，当前一期不纳入采集
151,领导视窗_渔业生产信息,FISHERY_RES_AQUATIC_YIELD,172.21.199.156,,不采,排除域:渔业,需求JSON未体现该行业专题的直接消费场景，当前一期不纳入采集
155,领导视窗_合格证打印信息,QS_RES_CERTIFICATE_PRINT,172.21.199.156,,不采,排除域:合格证,需求JSON未体现该行业专题的直接消费场景，当前一期不纳入采集
163,领导视窗_农林牧渔业总产值信息,AGRO_PROD_MACRO_INDICES,10.111.162.133LDJSC,,不采,排除域:渔业,需求JSON未体现该行业专题的直接消费场景，当前一期不纳入采集
165,领导视窗_热带经济作物生产信息,CROP,172.21.199.156,,不采,排除域:热带经济作物,需求JSON未体现该行业专题的直接消费场景，当前一期不纳入采集
166,领导视窗_渔业总产值信息,FISHERY_RES_EMONOMIC_OUTPUT,172.21.199.156,,不采,排除域:渔业,需求JSON未体现该行业专题的直接消费场景，当前一期不纳入采集
168,领导视窗_渔业乡镇、村、户、人口情况信息,FISHERY_RES_DISTRIBUTION,172.21.199.156,,不采,排除域:渔业,需求JSON未体现该行业专题的直接消费场景，当前一期不纳入采集
170,领导视窗_渔业产量TOP10信息,TB_BIG_FISHERY,10.111.162.138,,不采,排除域:渔业,需求JSON未体现该行业专题的直接消费场景，当前一期不纳入采集
